Protein_Name,Protein_ID,Sequence,Disease_Related,Molecular_Weight,Isoelectric_Point,Aromaticity,Instability_Index,Gravy,Source,Notes
APP (UniProt:P05067),P05067,MLPGLALLLLAAWTARALEVPTDGNAGLLAEPQIAMFCGRLNMHMNVQNGKWDSDPSGTKTCIDTKEGILQYCQEVYPELQITNVVEANQPVTIQNWCKRGRKQCKTHPHFVIPYRCLVGEFVSDALLVPDKCKFLHQERMDVCETHLHWHTVAKETCSEKSTNLHDYGMLLPCGIDKFRGVEFVCCPLAEESDNVDSADAEEDDSDVWWGGADTDYADGSEDKVVEVAEEEEVAEVEEEEADDDEDDEDGDEVEEEAEEPYEEATERTTSIATTTTTTTESVEEVVREVCSEQAETGPCRAMISRWYFDVTEGKCAPFFYGGCGGNRNNFDTEEYCMAVCGSAMSQSLLKTTQEPLARDPVKLPTTAASTPDAVDKYLETPGDENEHAHFQKAKERLEAKHRERMSQVMREWEEAERQAKNLPKADKKAVIQHFQEKVESLEQEAANERQQLVETHMARVEAMLNDRRRLALENYITALQAVPPRPRHVFNMLKKYVRAEQKDRQHTLKHFEHVRMVDPKKAAQIRSQVMTHLRVIYERMNQSLSLLYNVPAVAEEIQDEVDELLQKEQNYSDDVLANMISEPRISYGNDALMPSLTETKTTVELLPVNGEFSLDDLQPWHSFGADSVPANTENEVEPVDARPAADRGLTTRPGSGLTNIKTEEISEVKMDAEFRHDSGYEVHHQKLVFFAEDVGSNKGAIIGLMVGGVVIATVIVITLVMLKKKQYTSIHHGVVEVDAAVTPEERHLSKMQQNGYENPTYKFFEQMQN,Yes,86942.3145,4.73044796,0.064935065,40.69144156,-0.583896104,UniProt:P05067,Full APP protein. Function: 
Abeta40,Fragment of UniProt:P05067,DAEFRHDSGYEVHHQKLVFFAEDVGSNKGAIIGLMVGGVV,Yes,4329.8026,5.311115074,0.1,18.58,0.0575,Derived from UniProt:P05067,"Fragment of APP, positions 672-711"
Abeta42,Fragment of UniProt:P05067,DAEFRHDSGYEVHHQKLVFFAEDVGSNKGAIIGLMVGGVVIA,Yes,4514.0381,5.311115074,0.095238095,18.17142857,0.204761905,Derived from UniProt:P05067,"Fragment of APP, positions 672-713"
APP (UniProt:P51693),P51693,MGPASPAARGLSRRPGQPPLPLLLPLLLLLLRAQPAIGSLAGGSPGAAEAPGSAQVAGLCGRLTLHRDLRTGRWEPDPQRSRRCLRDPQRVLEYCRQMYPELQIARVEQATQAIPMERWCGGSRSGSCAHPHHQVVPFRCLPGEFVSEALLVPEGCRFLHQERMDQCESSTRRHQEAQEACSSQGLILHGSGMLLPCGSDRFRGVEYVCCPPPGTPDPSGTAVGDPSTRSWPPGSRVEGAEDEEEEESFPQPVDDYFVEPPQAEEEEETVPPPSSHTLAVVGKVTPTPRPTDGVDIYFGMPGEISEHEGFLRAKMDLEERRMRQINEVMREWAMADNQSKNLPKADRQALNEHFQSILQTLEEQVSGERQRLVETHATRVIALINDQRRAALEGFLAALQADPPQAERVLLALRRYLRAEQKEQRHTLRHYQHVAAVDPEKAQQMRFQVHTHLQVIEERVNQSLGLLDQNPHLAQELRPQIQELLHSEHLGPSELEAPAPGGSSEDKGGLQPPDSKDDTPMTLPKGSTEQDAASPEKEKMNPLEQYERKVNASVPRGFPFHSSEIQRDELAPAGTGVSREAVSGLLIMGAGGGSLIVLSMLLLRRKKPYGAISHGVVEVDPMLTLEEQQLRELQRHGYENPTYRFLEERP,Yes,72175.585,5.538357353,0.044615385,64.32984615,-0.628923077,UniProt:P51693,Full APP protein. Function: 
APP (UniProt:Q06481),Q06481,MAATGTAAAAATGRLLLLLLVGLTAPALALAGYIEALAANAGTGFAVAEPQIAMFCGKLNMHVNIQTGKWEPDPTGTKSCFETKEEVLQYCQEMYPELQITNVMEANQRVSIDNWCRRDKKQCKSRFVTPFKCLVGEFVSDVLLVPEKCQFFHKERMEVCENHQHWHTVVKEACLTQGMTLYSYGMLLPCGVDQFHGTEYVCCPQTKIIGSVSKEEEEEDEEEEEEEDEEEDYDVYKSEFPTEADLEDFTEAAVDEDDEDEEEGEEVVEDRDYYYDTFKGDDYNEENPTEPGSDGTMSDKEITHDVKAVCSQEAMTGPCRAVMPRWYFDLSKGKCVRFIYGGCGGNRNNFESEDYCMAVCKAMIPPTPLPTNDVDVYFETSADDNEHARFQKAKEQLEIRHRNRMDRVKKEWEEAELQAKNLPKAERQTLIQHFQAMVKALEKEAASEKQQLVETHLARVEAMLNDRRRMALENYLAALQSDPPRPHRILQALRRYVRAENKDRLHTIRHYQHVLAVDPEKAAQMKSQVMTHLHVIEERRNQSLSLLYKVPYVAQEIQEEIDELLQEQRADMDQFTASISETPVDVRVSSEESEEIPPFHPFHPFPALPENEDTQPELYHPMKKGSGVGEQDGGLIGAEEKVINSKNKVDENMVIDETLDVKEMIFNAERVGGLEEERESVGPLREDFSLSSSALIGLLVIAVAIATVIVISLVMLRKRQYGTISHGIVEVDPMLTPEERHLNKMQNHGYENPTYKYLEQMQI,Yes,86954.851,4.72538929,0.072083879,50.82621232,-0.579685452,UniProt:Q06481,Full APP protein. Function: 
Abeta40,Fragment of UniProt:Q06481,GGLEEERESVGPLREDFSLSSSALIGLLVIAVAIATVIVI,Yes,4124.7289,4.142448616,0.025,47.08,0.96,Derived from UniProt:Q06481,"Fragment of APP, positions 672-711"
Abeta42,Fragment of UniProt:Q06481,GGLEEERESVGPLREDFSLSSSALIGLLVIAVAIATVIVISL,Yes,4324.9638,4.142448616,0.023809524,45.31428571,0.985714286,Derived from UniProt:Q06481,"Fragment of APP, positions 672-713"
APP (UniProt:O00213),O00213,MSVPSSLSQSAINANSHGGPALSLPLPLHAAHNQLLNAKLQATAVGPKDLRSAMGEGGGPEPGPANAKWLKEGQNQLRRAATAHRDQNRNVTLTLAEEASQEPEMAPLGPKGLIHLYSELELSAHNAANRGLRGPGLIISTQEQGPDEGEEKAAGEAEEEEEDDDDEEEEEDLSSPPGLPEPLESVEAPPRPQALTDGPREHSKSASLLFGMRNSAASDEDSSWATLSQGSPSYGSPEDTDSFWNPNAFETDSDLPAGWMRVQDTSGTYYWHIPTGTTQWEPPGRASPSQGSSPQEESQLTWTGFAHGEGFEDGEFWKDEPSDEAPMELGLKEPEEGTLTFPAQSLSPEPLPQEEEKLPPRNTNPGIKCFAVRSLGWVEMTEEELAPGRSSVAVNNCIRQLSYHKNNLHDPMSGGWGEGKDLLLQLEDETLKLVEPQSQALLHAQPIISIRVWGVGRDSGRERDFAYVARDKLTQMLKCHVFRCEAPAKNIATSLHEICSKIMAERRNARCLVNGLSLDHSKLVDVPFQVEFPAPKNELVQKFQVYYLGNVPVAKPVGVDVINGALESVLSSSSREQWTPSHVSVAPATLTILHQQTEAVLGECRVRFLSFLAVGRDVHTFAFIMAAGPASFCCHMFWCEPNAASLSEAVQAACMLRYQKCLDARSQASTSCLPAPPAESVARRVGWTVRRGVQSLWGSLKPKRLGAHTP,Yes,77243.309,4.976219749,0.06056338,61.74971831,-0.512957746,UniProt:O00213,Full APP protein. Function: 
APP (UniProt:Q92870),Q92870,MSEVLPADSGVDTLAVFMASSGTTDVTNRNSPATPPNTLNLRSSHNELLNAEIKHTETKNSTPPKCRKKYALTNIQAAMGLSDPAAQPLLGNGSANIKLVKNGENQLRKAAEQGQQDPNKNLSPTAVINITSEKLEGKEPHPQDSSSCEILPSQPRRTKSFLNYYADLETSARELEQNRGNHHGTAEEKSQPVQGQASTIIGNGDLLLQKPNRPQSSPEDGQVATVSSSPETKKDHPKTGAKTDCALHRIQNLAPSDEESSWTTLSQDSASPSSPDETDIWSDHSFQTDPDLPPGWKRVSDIAGTYYWHIPTGTTQWERPVSIPADLQGSRKGSLSSVTPSPTPENEKQPWSDFAVLNGGKINSDIWKDLHAATVNPDPSLKEFEGATLRYASLKLRNAPHPDDDDSCSINSDPEAKCFAVRSLGWVEMAEEDLAPGKSSVAVNNCIRQLSYCKNDIRDTVGIWGEGKDMYLILENDMLSLVDPMDRSVLHSQPIVSIRVWGVGRDNGRDFAYVARDKDTRILKCHVFRCDTPAKAIATSLHEICSKIMAERKNAKALACSSLQERANVNLDVPLQVDFPTPKTELVQKFHVQYLGMLPVDKPVGMDILNSAIENLMTSSNKEDWLSVNMNVADATVTVISEKNEEEVLVECRVRFLSFMGVGKDVHTFAFIMDTGNQRFECHVFWCEPNAGNVSEAVQAACMLRYQKCLVARPPSQKVRPPPPPADSVTRRVTTNVKRGVLSLIDTLKQKRPVTEMP,Yes,83372.7674,5.73985157,0.051451187,50.95540897,-0.566358839,UniProt:Q92870,Full APP protein. Function: 
Abeta40,Fragment of UniProt:Q92870,IMDTGNQRFECHVFWCEPNAGNVSEAVQAACMLRYQKCLV,Yes,4563.2248,5.528922081,0.1,53.385,-0.0425,Derived from UniProt:Q92870,"Fragment of APP, positions 672-711"
Abeta42,Fragment of UniProt:Q92870,IMDTGNQRFECHVFWCEPNAGNVSEAVQAACMLRYQKCLVAR,Yes,4790.4884,6.732601357,0.095238095,51.31904762,-0.104761905,Derived from UniProt:Q92870,"Fragment of APP, positions 672-713"
APP (UniProt:Q92624),Q92624,MAAVELEWIPETLYNTAISAVVDNYIRSRRDIRSLPENIQFDVYYKLYQQGRLCQLGSEFCELEVFAKVLRALDKRHLLHHCFQALMDHGVKVASVLAYSFSRRCSYIAESDAAVKEKAIQVGFVLGGFLSDAGWYSDAEKVFLSCLQLCTLHDEMLHWFRAVECCVRLLHVRNGNCKYHLGEETFKLAQTYMDKLSKHGQQANKAALYGELCALLFAKSHYDEAYKWCIEAMKEITAGLPVKVVVDVLRQASKACVVKREFKKAEQLIKHAVYLARDHFGSKHPKYSDTLLDYGFYLLNVDNICQSVAIYQAALDIRQSVFGGKNIHVATAHEDLAYSSYVHQYSSGKFDNALFHAERAIGIITHILPEDHLLLASSKRVKALILEEIAIDCHNKETEQRLLQEAHDLHLSSLQLAKKAFGEFNVQTAKHYGNLGRLYQSMRKFKEAEEMHIKAIQIKEQLLGQEDYEVALSVGHLASLYNYDMNQYENAEKLYLRSIAIGKKLFGEGYSGLEYDYRGLIKLYNSIGNYEKVFEYHNVLSNWNRLRDRQYSVTDALEDVSTSPQSTEEVVQSFLISQNVEGPSC,Yes,66852.5417,6.439027977,0.107692308,44.72736752,-0.227008547,UniProt:Q92624,Full APP protein. Function: 
APP (UniProt:B4DMD5),B4DMD5,MLPGLALLLLAAWTARALEVPTDGNAGLLAEPQIAMFCGRLNMHMNVQNGKWDSDPSGTKTCIDTKEGILQYCQEVYPELQITNVVEANQPVTIQNWCKRGRKQCKTHPHFVCCPLAEESDNVDSADAEEDDSDVWWGGADTDYADGSEDKVVEVAEEEEVAEVEEEEADDDEDDEDGDEVEEEAEEPYEEATERTTSIATTTTTTTESVEEVVRVPTTAASTPDAVDKYLETPGDENEHAHFQKAKERLEAKHRERMSQVMREWEEAERQAKNLPKADKKAVIQHFQEKVESLEQEAVNERQQLVETHMARVEAMLNDRRRLALENYITALQAVPPRPRHVFNMLKKYVRAEQKDRQHTLKHFEHVRMVDPKKAAQIRSQVMTHLRVIYERMNQSLSLLYNVPAVAEEIQDEVDELLQKEQNYSDDVLANMISEPRISYGNDALMPSLTETKTTVELLPVNGEFSLDDLQPWHSFGADSVPANTENEVEPVDARPAADRGLTTRPGSGLTNIKTEEISEVKMDAEFRHDSGYEVHHQKLVFFAEDVGSNKGAIIGLMVGGVVIATVIVITLVMLKKKQYTSIHHGVVEVDAAVTPEERHLSKMQQNGYENPTYKFFEQMQN,Yes,70270.4349,4.652805901,0.056270096,41.20016077,-0.651607717,UniProt:B4DMD5,Full APP protein. Function: 
APP (UniProt:B4DGD0),B4DGD0,MLPGLALLLLAAWTARALEVYPELQITNVVEANQPVTIQNWCKRGRKQCKTHPHFVIPYRCLVGEFVSDALLVPDKCKFLHQERMDVCETHLHWHTVAKETCSEKSTNLHDYGMLLPCGIDKFRGVEFVCCPLAEESDNVDSADAEEDDSDVWWGGADTDYADGSEDKVVEVAEEEEVAEVEEEEADDDEDDEDGDEVEEEAEEPYEEATERTTSIATTTTTTTESVEEVVREVCSEQAETGPCRAMISRWYFDVTEGKCAPFFYGGCGGNRNNFDTEEYCMAVCGSAMSQSLLKTTQEPLARDPVKLPTTAASTPDAVDKYLETPGDESEHAHFQKAKERLEAKHRERMSQVMREWEEAERQAKNLPKADKKAVIQHFQEKVESLEQEAANERQQLVETHMARVEAMLNDRRRLALENYITALQAVPPRPRHVFNMLKKYVRAEQKDRQHTLKHFEHVRMVDPKKAAQIRSQVMTHLRVIYERMNQSLSLLYNVPAVAEEIQDEVDELLQKEQNYSDDVLANMISEPRISYGNDALMPSLTETKTTVELLPVNGEFSLDDLQPWHSFGADSVPANTENEVEPVDARPAADRGLTTRPGSGLTNIKTEEISEVKMDAEFRHDSGYEVHHQKLVFFAEDVGSNKGAIIGLMVGGVVIATVIVITLVMLKKKQYTSIHHGVVEVDAAVTPEERHLSKMQQNGYENPTYKFFEQMQN,Yes,80805.4324,4.735620308,0.065826331,41.59889356,-0.587815126,UniProt:B4DGD0,Full APP protein. Function: 
Abeta40,Fragment of UniProt:B4DGD0,YTSIHHGVVEVDAAVTPEERHLSKMQQNGYENPTYKFFEQ,Yes,4681.0712,5.369318199,0.125,26.96,-0.895,Derived from UniProt:B4DGD0,"Fragment of APP, positions 672-711"
Abeta42,Fragment of UniProt:B4DGD0,YTSIHHGVVEVDAAVTPEERHLSKMQQNGYENPTYKFFEQMQ,Yes,4940.3964,5.369318199,0.119047619,24.35714286,-0.89047619,Derived from UniProt:B4DGD0,"Fragment of APP, positions 672-713"
APP (UniProt:A0A140VJC8),A0A140VJC8,MLPGLALLLLAAWTARALEVPTDGNAGLLAEPQIAMFCGRLNMHMNVQNGKWDSDPSGTKTCIDTKEGILQYCQEVYPELQITNVVEANQPVTIQNWCKRGRKQCKTHPHFVIPYRCLVGEFVSDALLVPDKCKFLHQERMDVCETHLHWHTVAKETCSEKSTNLHDYGMLLPCGIDKFRGVEFVCCPLAEESDNVDSADAEEDDSDVWWGGADTDYADGSEDKVVEVAEEEEVAEVEEEEADDDEDDEDGDEVEEEAEEPYEEATERTTSIATTTTTTTESVEEVVREVCSEQAETGPCRAMISRWYFDVTEGKCAPFFYGGCGGNRNNFDTEEYCMAVCGSAMSQSLLKTTQEPLARDPVKLPTTAASTPDAVDKYLETPGDENEHAHFQKAKERLEAKHRERMSQVMREWEEAERQAKNLPKADKKAVIQHFQEKVESLEQEAANERQQLVETHMARVEAMLNDRRRLALENYITALQAVPPRPRHVFNMLKKYVRAEQKDRQHTLKHFEHVRMVDPKKAAQIRSQVMTHLRVIYERMNQSLSLLYNVPAVAEEIQDEVDELLQKEQNYSDDVLANMISEPRISYGNDALMPSLTETKTTVELLPVNGEFSLDDLQPWHSFGADSVPANTENEVEPVDARPAADRGLTTRPGSGLTNIKTEEISEVKMDAEFRHDSGYEVHHQKLVFFAEDVGSNKGAIIGLMVGGVVIATVIVITLVMLKKKQYTSIHHGVVEVDAAVTPEERHLSKMQQNGYENPTYKFFEQMQN,Yes,86942.3145,4.73044796,0.064935065,40.69144156,-0.583896104,UniProt:A0A140VJC8,Full APP protein. Function: 
Abeta40,Fragment of UniProt:A0A140VJC8,DAEFRHDSGYEVHHQKLVFFAEDVGSNKGAIIGLMVGGVV,Yes,4329.8026,5.311115074,0.1,18.58,0.0575,Derived from UniProt:A0A140VJC8,"Fragment of APP, positions 672-711"
Abeta42,Fragment of UniProt:A0A140VJC8,DAEFRHDSGYEVHHQKLVFFAEDVGSNKGAIIGLMVGGVVIA,Yes,4514.0381,5.311115074,0.095238095,18.17142857,0.204761905,Derived from UniProt:A0A140VJC8,"Fragment of APP, positions 672-713"
APP (UniProt:B4DQM1),B4DQM1,MLPGLALLLLAAWTARALEVPTDGNAGLLAEPQNGKWDSDPSGTKTCIDTKEGILQYCQEVYPELQITNVVEANQPVTIQNWCKRGRKQCKTHPHFVIPYRCLVGEFVSDALLVPDKCKFLHQERMDVCETHLHWHTVAKETCSEKSTNLHDYGMLLPCGIDKFRGVEFVCCPLAEESDNVDSADAEEDDSDVWWGGADTDYADGSEDKVVEVAEEEEVAEVEEEEADDDEDDEDGDEVEEEAEEPYEEATERTTSIATTTTTTTESVEEVVRVPTTAASTPDAVDKYLETPGDENEHAHFQKAKERLEAKHRERMSQVMREWEEAERQAKNLPKADKKAVIQHFQEKVESLEQEAANERQQLVETHMARVEAMLNDRRRLALENYITALQAVPPRPRHVFNMLKKYVRAEQKDRQHTLKHFEHVRMVDPKKAAQIRSQVMTHLRVIYERMNQSLSLLYNVPAVAEEIQDEVDELLQKEQNYSDDVLANMISEPRISYGNDALMPSLTETKTTVELLPVNGEFSLDDLQPWHSFGADSVPANTENEVEPVDARPAADRGLTTRPGSGLTNIKTEEISEVKMDAEFRHDSGYEVHHQKLVFFAEDVGSNKGAIIGLMVGGVVIATVIVITLVMLKKKQYTSIHHGVVEVDAAVTPDERHLSKMQQNGYENPTYKFFEQMQN,Yes,76900.8887,4.698106575,0.060294118,36.86808824,-0.623676471,UniProt:B4DQM1,Full APP protein. Function: 
APP (UniProt:A0A218KGR2),A0A218KGR2,MLPGLALLLLAAWTARALEVPTDGNAGLLAEPQIAMFCGRLNMHMNVQNGKWDSDPSGTKTCIDTKEGILQYCQEVYPELQITNVVEANQPVTIQNWCKRGRKQCKTHPHFVIPYRCLVGEFVSDALLVPDKCKFLHQERMDVCETHLHWHTVAKETCSEKSTNLHDYGMLLPCGIDKFRGVEFVCCPLAEESDNVDSADAEEDDSDVWWGGADTDYADGSEDKVVEVAEEEEVAEVEEEEADDDEDDEDGDEVEEEAEEPYEEATERTTSIATTTTTTTESVEEVVREVCSEQAETGPCRAMISRWYFDVTEGKCAPFFYGGCGGNRNNFDTEEYCMAVCGSAMSQSLLKTTQEPLARDPVKLPTTAASTPDAVDKYLETPGDENEHAHFQKAKERLEAKHRERMSQVMREWEEAERQAKNLPKADKKAVIQHFQEKVESLEQEAANERQQLVETHMARVEAMLNDRRRLALENYITALQAVPPRPRHVFNMLKKYVRAEQKDRQHTLKHFEHVRMVDPKKAAQIRSQVMTHLRVIYERMNQSLSLLYNVPAVAEEIQDEVDELLQKEQNYSDDVLANMISEPRISYGNDALMPSLTETKTTVELLPVNGEFSLDDLQPWHSFGADSVPANTENEVEPVDARPAADRGLTTRPGSGLTNIKTEEISEVKMDAEFRHDSGYEVHHQKLVFFAEDVGSNKGAIIGLMVGGVVIATVIVITLVKLKKKQYTSIHHGVVEVDAAVTPEERHLSKMQQNGYENPTYKFFEQMQN,Yes,86939.2908,4.745396614,0.064935065,40.54377922,-0.591428571,UniProt:A0A218KGR2,Full APP protein. Function: 
Abeta40,Fragment of UniProt:A0A218KGR2,DAEFRHDSGYEVHHQKLVFFAEDVGSNKGAIIGLMVGGVV,Yes,4329.8026,5.311115074,0.1,18.58,0.0575,Derived from UniProt:A0A218KGR2,"Fragment of APP, positions 672-711"
Abeta42,Fragment of UniProt:A0A218KGR2,DAEFRHDSGYEVHHQKLVFFAEDVGSNKGAIIGLMVGGVVIA,Yes,4514.0381,5.311115074,0.095238095,18.17142857,0.204761905,Derived from UniProt:A0A218KGR2,"Fragment of APP, positions 672-713"
APP (UniProt:E9PG40),E9PG40,MLPGLALLLLAAWTARALEVYPELQITNVVEANQPVTIQNWCKRGRKQCKTHPHFVIPYRCLVGEFVSDALLVPDKCKFLHQERMDVCETHLHWHTVAKETCSEKSTNLHDYGMLLPCGIDKFRGVEFVCCPLAEESDNVDSADAEEDDSDVWWGGADTDYADGSEDKVVEVAEEEEVAEVEEEEADDDEDDEDGDEVEEEAEEPYEEATERTTSIATTTTTTTESVEEVVREVCSEQAETGPCRAMISRWYFDVTEGKCAPFFYGGCGGNRNNFDTEEYCMAVCGSAMSQSLLKTTQEPLARDPVKLPTTAASTPDAVDKYLETPGDENEHAHFQKAKERLEAKHRERMSQVMREWEEAERQAKNLPKADKKAVIQHFQEKVESLEQEAANERQQLVETHMARVEAMLNDRRRLALENYITALQAVPPRPRHVFNMLKKYVRAEQKDRQHTLKHFEHVRMVDPKKAAQIRSQVMTHLRVIYERMNQSLSLLYNVPAVAEEIQDEVDELLQKEQNYSDDVLANMISEPRISYGNDALMPSLTETKTTVELLPVNGEFSLDDLQPWHSFGADSVPANTENEVEPVDARPAADRGLTTRPGSGLTNIKTEEISEVKMDAEFRHDSGYEVHHQKLVFFAEDVGSNKGAIIGLMVGGVVIATVIVITLVMLKKKQYTSIHHGVVEVDAAVTPEERHLSKMQQNGYENPTYKFFEQMQN,Yes,80832.4577,4.735620308,0.065826331,41.05939776,-0.591596639,UniProt:E9PG40,Full APP protein. Function: 
Abeta40,Fragment of UniProt:E9PG40,YTSIHHGVVEVDAAVTPEERHLSKMQQNGYENPTYKFFEQ,Yes,4681.0712,5.369318199,0.125,26.96,-0.895,Derived from UniProt:E9PG40,"Fragment of APP, positions 672-711"
Abeta42,Fragment of UniProt:E9PG40,YTSIHHGVVEVDAAVTPEERHLSKMQQNGYENPTYKFFEQMQ,Yes,4940.3964,5.369318199,0.119047619,24.35714286,-0.89047619,Derived from UniProt:E9PG40,"Fragment of APP, positions 672-713"
APP (UniProt:Q99767),Q99767,MAHRKLESVGSGMLDHRVRPGPVPHSQEPESEDMELPLEGYVPEGLELAALRPESPAPEEQECHNHSPDGDSSSDYVNNTSEEEDYDEGLPEEEEGITYYIRYCPEDDSYLEGMDCNGEEYLAHSAHPVDTDECQEAVEEWTDSAGPHPHGHEAEGSQDYPDGQLPIPEDEPSVLEAHDQEEDGHYCASKEGYQDYYPEEANGNTGASPYRLRRGDGDLEDQEEDIDQIVAEIKMSLSMTSITSASEASPEHGPEPGPEDSVEACPPIKASCSPSRHEARPKSLNLLPEAKHPGDPQRGFKPKTRTPEERLKWPHEQVCNGLEQPRKQQRSDLNGPVDNNNIPETKKVASFPSFVAVPGPCEPEDLIDGIIFAANYLGSTQLLSERNPSKNIRMMQAQEAVSRVKRMQKAAKIKKKANSEGDAQTLTEVDLFISTQRIKVLNADTQETMMDHALRTISYIADIGNIVVLMARRRMPRSASQDCIETTPGAQEGKKQYKMICHVFESEDAQLIAQSIGQAFSVAYQEFLRANGINPEDLSQKEYSDIINTQEMYNDDLIHFSNSENCKELQLEKHKGEILGVVVVESGWGSILPTVILANMMNGGPAARSGKLSIGDQIMSINGTSLVGLPLATCQGIIKGLKNQTQVKLNIVSCPPVTTVLIKRPDLKYQLGFSVQNGIICSLMRGGIAERGGVRVGHRIIEINGQSVVATAHEKIVQALSNSVGEIHMKTMPAAMFRLLTGQETPLYI,Yes,82511.1961,4.773020363,0.048064085,55.81575434,-0.6188251,UniProt:Q99767,Full APP protein. Function: 
Abeta40,Fragment of UniProt:Q99767,GFSVQNGIICSLMRGGIAERGGVRVGHRIIEINGQSVVAT,Yes,4152.7619,10.19633579,0.025,22.6925,0.3525,Derived from UniProt:Q99767,"Fragment of APP, positions 672-711"
Abeta42,Fragment of UniProt:Q99767,GFSVQNGIICSLMRGGIAERGGVRVGHRIIEINGQSVVATAH,Yes,4360.9791,10.19659367,0.023809524,20.06666667,0.302380952,Derived from UniProt:Q99767,"Fragment of APP, positions 672-713"
APP (UniProt:O96018),O96018,MDFPTISRSPSGPPAMDLEGPRDILVPSEDLTPDSQWDPMPGGPGSLSRMELDESSLQELVQQFEALPGDLVGPSPGGAPCPLHIATGHGLASQEIADAHGLLSAEAGRDDLLGLLHCEECPPSQTGPEEPLEPAPRLLQPPEDPDEDSDSPEWVEGASAEQEGSRSSSSSPEPWLETVPLVTPEEPPAGAQSPETLASYPAPQEVPGPCDHEDLLDGVIFGARYLGSTQLVSERNPPTSTRMAQAREAMDRVKAPDGETQPMTEVDLFVSTKRIKVLTADSQEAMMDHALHTISYTADIGCVLVLMARRRLARRPAPQDHGRRLYKMLCHVFYAEDAQLIAQAIGQAFAAAYSQFLRESGIDPSQVGVHPSPGACHLHNGDLDHFSNSDNCREVHLEKRRGEGLGVALVESGWGSLLPTAVIANLLHGGPAERSGALSIGDRLTAINGTSLVGLPLAACQAAVRETKSQTSVTLSIVHCPPVTTAIIHRPHAREQLGFCVEDGIICSLLRGGIAERGGIRVGHRIIEINGQSVVATPHARIIELLTEAYGEVHIKTMPAATYRLLTGQEQPVYL,Yes,61453.4468,4.831052971,0.03826087,62.24088696,-0.267130435,UniProt:O96018,Full APP protein. Function: 
APP (UniProt:Q02410),Q02410,MNHLEGSAEVEVTDEAAGGEVNESVEADLEHPEVEEEQQQPPQQQHYVGRHQRGRALEDLRAQLGQEEEERGECLARSASTESGFHNHTDTAEGDVIAAARDGYDAERAQDPEDESAYAVQYRPEAEEYTEQAEAEHAEATHRRALPNHLHFHSLEHEEAMNAAYSGYVYTHRLFHRGEDEPYSEPYADYGGLQEHVYEEIGDAPELDARDGLRLYEQERDEAAAYRQEALGARLHHYDERSDGESDSPEKEAEFAPYPRMDSYEQEEDIDQIVAEVKQSMSSQSLDKAAEDMPEAEQDLERPPTPAGGRPDSPGLQAPAGQQRAVGPAGGGEAGQRYSKEKRDAISLAIKDIKEAIEEVKTRTIRSPYTPDEPKEPIWVMRQDISPTRDCDDQRPMDGDSPSPGSSSPLGAESSSTSLHPSDPVEASTNKESRKSLASFPTYVEVPGPCDPEDLIDGIIFAANYLGSTQLLSDKTPSKNVRMMQAQEAVSRIKMAQKLAKSRKKAPEGESQPMTEVDLFISTQRIKVLNADTQETMMDHPLRTISYIADIGNIVVLMARRRMPRSNSQENVEASHPSQDGKRQYKMICHVFESEDAQLIAQSIGQAFSVAYQEFLRANGINPEDLSQKEYSDLLNTQDMYNDDLIHFSKSENCKDVFIEKQKGEILGVVIVESGWGSILPTVIIANMMHGGPAEKSGKLNIGDQIMSINGTSLVGLPLSTCQSIIKGLKNQSRVKLNIVRCPPVTTVLIRRPDLRYQLGFSVQNGIICSLMRGGIAERGGVRVGHRIIEINGQSVVATPHEKIVHILSNAVGEIHMKTMPAAMYRLLTAQEQPVYI,Yes,92863.8916,4.839237785,0.052568698,60.05818399,-0.705854241,UniProt:Q02410,Full APP protein. Function: 
Abeta40,Fragment of UniProt:Q02410,VESGWGSILPTVIIANMMHGGPAEKSGKLNIGDQIMSING,Yes,4123.7307,5.444004631,0.025,57.5625,0.15,Derived from UniProt:Q02410,"Fragment of APP, positions 672-711"
Abeta42,Fragment of UniProt:Q02410,VESGWGSILPTVIIANMMHGGPAEKSGKLNIGDQIMSINGTS,Yes,4311.9119,5.444004631,0.023809524,53.27619048,0.107142857,Derived from UniProt:Q02410,"Fragment of APP, positions 672-713"
APP (UniProt:B4DJT9),B4DJT9,MFCGRLNMHMNVQNGKWDSDPSGTKTCIDTKEGILQYCQEVYPELQITNVVEANQPVTIQNWCKRGRKQCKTHPHFVIPYRCLVGEFVSDALLVPDKCKFLHQERMDVCETHLHWHTVAKETCSEKSTNLHDYGMLLPCGIDKFRGVEFVCCPLAEESDNVDSADAEEDDSDVWWGGADTDYADGSEDKVVEVAEEEEVAEVEEEEADDDEDDEDGDEVEEEAEEPYEEATERTTSIATTTTTTTESVEEVVRVPTTAASTPDAVDKYLETPGDENEHAHFQKAKERLEAKHRERMSQVMREWEEAERQAKNLPKADKKAVIQHFQEKVESLEQEAANERQQLVETHMARVEAMLNDRRRLALENYITALQAVPPRPRHVFNMLKKYVRAEQKDRQHTLKHFEHERMVDPKKAAQIRSQVMTHLRVIYERMNQSLSLLYNVPAVAEEIQDEVDELLQKEQNYSDDVLANMISEPRISYGNDALMPSLTETKTTVELLPVNGEFSLDDLQPWHSFGADSVPANTENEVEPVDARPAADRGLTTRPGSGLTNIKTEEISEVKMDAEFRHDPGYEVHHQKLVFFAEDVGSNKGAIIGLMVGGVVIATVIVITLVMLKKKQYTSIHHGVVEVDAAVTPEERHLSKMQQNGYENPTYKFFEQMQN,Yes,75148.8994,4.739485359,0.062121212,38.31893939,-0.689090909,UniProt:B4DJT9,Full APP protein. Function: 
APP (UniProt:B4DM00),B4DM00,MLPGLALLLLAAWTARALEVPTDGNAGLLAEPQIAMFCGRLNMHMNVQNGKWDSDPSGTKTCIDTKEGILQYCQEVYPELQITNVVEANQPVTIQNWCKRGRKQCKTHPHFVIPYRCLVGEFVSDALLVPDAVDKYLETPGDENEHAHFQKAKERLEAKHRERMSQVMREWEEAERQAKNLPKADKKAVIQHFQEKVESLEQEAANERQQLVETHMARVEAMLNDRRRLALENYITALQAVPPRPRHVFNMLKKYVRAEQKDRQHTLKHFEHVRMVDPKKAAQIRSQVMTHLRVIYERMNQSLSLLYNVPAVAEEIQDEVDELLQKEQNYSDDVLANMISEPRISYGNDALMPSLTETKTTVELLPVNGEFSLDDLQPWHSFGADSVPANTENEVEPVDARPAADRGLTTRPGSGLTNIKTEEISEVKMDAEFRHDSGYEVHHQKLVFFAEDVGSNKGAIIGLMVGGVVIATVIVITLVMLKKKQYTSIHHGVVEVDAAVTPEERHLSKMQQNGYENPTYKFFEQMQN,Yes,60073.6674,5.720128441,0.0625,35.02443182,-0.513636364,UniProt:B4DM00,Full APP protein. Function: 
APP (UniProt:A0A0A0MRG2),A0A0A0MRG2,MFCGRLNMHMNVQNGKWDSDPSGTKTCIDTKEGILQYCQEVYPELQITNVVEANQPVTIQNWCKRGRKQCKTHPHFVIPYRCLVGEFVSDALLVPDKCKFLHQERMDVCETHLHWHTVAKETCSEKSTNLHDYGMLLPCGIDKFRGVEFVCCPLAEESDNVDSADAEEDDSDVWWGGADTDYADGSEDKVVEVAEEEEVAEVEEEEADDDEDDEDGDEVEEEAEEPYEEATERTTSIATTTTTTTESVEEVVRVPTTAASTPDAVDKYLETPGDENEHAHFQKAKERLEAKHRERMSQVMREWEEAERQAKNLPKADKKAVIQHFQEKVESLEQEAANERQQLVETHMARVEAMLNDRRRLALENYITALQAVPPRPRHVFNMLKKYVRAEQKDRQHTLKHFEHVRMVDPKKAAQIRSQVMTHLRVIYERMNQSLSLLYNVPAVAEEIQDEVDELLQKEQNYSDDVLANMISEPRISYGNDALMPSLTETKTTVELLPVNGEFSLDDLQPWHSFGADSVPANTENEVEPVDARPAADRGLTTRPGSGLTNIKTEEISEVKMDAEFRHDSGYEVHHQKLVFFAEDVGSNKGAIIGLMVGGVVIATVIVITLVMLKKKQYTSIHHGVVEVDAAVTPEERHLSKMQQNGYENPTYKFFEQMQN,Yes,75108.8785,4.750398445,0.062121212,38.61075758,-0.676212121,UniProt:A0A0A0MRG2,Full APP protein. Function: 
APP (UniProt:Q7Z5R6),Q7Z5R6,MGESSEDIDQMFSTLLGEMDLLTQSLGVDTLPPPDPNPPRAEFNYSVGFKDLNESLNALEDQDLDALMADLVADISEAEQRTIQAQKESLQNQHHSASLQASIFSGAASLGYGTNVAATGISQYEDDLPPPPADPVLDLPLPPPPPEPLSQEEEEAQAKADKIKLALEKLKEAKVKKLVVKVHMNDNSTKSLMVDERQLARDVLDNLFEKTHCDCNVDWCLYEIYPELQIERFFEDHENVVEVLSDWTRDTENKILFLEKEEKYAVFKNPQNFYLDNRGKKESKETNEKMNAKNKESLLEESFCGTSIIVPELEGALYLKEDGKKSWKRRYFLLRASGIYYVPKGKTKTSRDLACFIQFENVNIYYGTQHKMKYKAPTDYCFVLKHPQIQKESQYIKYLCCDDTRTLNQWVMGIRIAKYGKTLYDNYQRAVAKAGLASRWTNLGTVNAAAPAQPSTGPKTGTTQPNGQIPQATHSVSAVLQEAQRHAETSKDKKPALGNHHDPAVPRAPHAPKSSLPPPPPVRRSSDTSGSPATPLKAKGTGGGGLPAPPDDFLPPPPPPPPLDDPELPPPPPDFMEPPPDFVPPPPPSYAGIAGSELPPPPPPPPAPAPAPVPDSARPPPAVAKRPPVPPKRQENPGHPGGAGGGEQDFMSDLMKALQKKRGNVS,Yes,73181.7905,5.394838905,0.067567568,55.05121622,-0.697297297,UniProt:Q7Z5R6,Full APP protein. Function: 
APP (UniProt:A4D1B5),A4D1B5,MALRLVADFDLGKDVLPWLRAQRAVSEASGAGSGGADVLENDYESLHVLNVERNGNIIYTYKDDKGNVVFGLYDCQTRQNELLYTFEKDLQVFSCSVNSERTLLAASLVQSTKEGKRNELQPGSKCLTLLVEIHPVNNVKVLKAVDSYIWVQFLYPHIESHPLPENHLLLISEEKYIEQFRIHVAQEDGNRVVIKNSGHLPRDRIAEDFVWAQWDMSEQRLYYIDLKKSRSILKCIQFYADESYNLMFEVPLDISLSNSGFKLVNFGCDYHQYRDKFSKHLTLCVFTNHTGSLCVCYSPKCASWGQITYSVFYIHKGHSKTFTTSLENVGSHMTKGITFLNLDYYVAVYLPGHFFHLLNVQHPDLICHNLFLTGNNEMIDMLPHCPLQSLSGSLVLDCCSGKLYRALLSQSSLLQLLQNTCLDCEKMAALHCALYCGQGAQFLEAQIIQWISENVSACHSFDLIQEFIIASSYWSVYSETSNMDKLLPHSSVLTWNTEIPGITLVTEDIALPLMKVLSFKGYWEKLNSNLEYVKYAKPHFHYNNSVVRREWHNLISEEKTGKRRSAAYVRNILDNAVKVISNLEARNLGPRLTPLLQEEDSHQRLLMGLMVSELKDHFLRHLQGVEKKKIEQMVLDYISKLLDLICHIVETNWRKHNLHSWVLHFNSRGSAAEFAVFHIMTRILEATNSLFLPLPPGFHTLHTILGVQCLPLHNLLHCIDSGVLLLTETAVIRLMKDLDNTEKNEKLKFSIIVRLPPLIGQKICRLWDHPMSSNIISRNHVTRLLQNYKKQPRNSMINKSSFSVEFLPLNYFIEILTDIESSNQALYPFEGHDNVDAEFVEEAALKHTAMLLGL,Yes,97800.3613,6.376334572,0.096018735,42.28925059,-0.117096019,UniProt:A4D1B5,Full APP protein. Function: 
Abeta40,Fragment of UniProt:A4D1B5,AEFAVFHIMTRILEATNSLFLPLPPGFHTLHTILGVQCLP,Yes,4446.2408,6.270670891,0.1,44.3075,0.765,Derived from UniProt:A4D1B5,"Fragment of APP, positions 672-711"
Abeta42,Fragment of UniProt:A4D1B5,AEFAVFHIMTRILEATNSLFLPLPPGFHTLHTILGVQCLPLH,Yes,4696.5377,6.431127357,0.095238095,42.67380952,0.742857143,Derived from UniProt:A4D1B5,"Fragment of APP, positions 672-713"
APP (UniProt:B7Z313),B7Z313,MLKKYVRAEQKDRQHTLKHFEHVRMVDPKKAAQIRSQVMTHLRVIYERMNQSLSLLYNVPAVAEEIQDEVDELLQKEQNYSDDVLANMISEPRISYGNDALMPSLTETKTTVELLPVNGEFSLDDLQPWHSFGADSVPANTENEVEPVDARPAADRGLTTRPGSGLTNIKTEEISEVKMDAEFRHDSGYEVHHQKLVFFAEDVGSNKGAIIGLMVGGVVIATVIVITLVMLKKKQYTSIHHGVVEVDAAVTPEERHLSKMQQNGYENPTYKFFEQMQN,Yes,31449.2404,5.313843346,0.064748201,36.9618705,-0.455035971,UniProt:B7Z313,Full APP protein. Function: 
APP (UniProt:A0A8F9R5D5),A0A8F9R5D5,VGSNKGAIIGLMVGGVVIATVIVITLVMLKKKQYTSIHHGVVE,Yes,4474.4214,9.825513649,0.023255814,8.525581395,1.01627907,UniProt:A0A8F9R5D5,Full APP protein. Function: 
APP (UniProt:H7C0V9),H7C0V9,XLQITNVVEANQPVTIQNWCKRGRKQCKTHPHFVIPYRCLVGEFVSDALLVPDKCKFLHQERMDVCETHLHWHTVAKETCSEKSTNLHDYGMLLPCGIDKFRGVEFVCCPLAEESDNVDSADAEEDDSDVWWGGADTDYADGSEDKVVEVAEEEEVAEVEEEEADDDEDDEDGDEVEEEAEEPYEEATERTTSIATTTTTTTESVEEVVREVCSEQAETGPCRAMISRWYFDVTEGKCAPFFYGGCGGNRNNFDTEEYCMAVCGSAIPTTAASTPDAVDKYLETPGDENEHAHFQKAKERLEAKHRERMSQVMREWEEAERQAKNLPKADKKAVIQHFQEKVESLEQEAANERQQLVETHMARVEAMLNDRRRLALENYITALQAVPPRPRHVFNMLKKYVRAEQKDRQHTLKHFEHVRMVDPKKAAQIRSQVMTHLRVIYERMNQSLSLLYNVPAVAEEIQDEVGAVAHACNSSILGGQGGQMT,Yes,N/A,N/A,N/A,N/A,N/A,UniProt:H7C0V9,Full APP protein. Function: 
APP (UniProt:L7XCZ9),L7XCZ9,VFFAEDVGSNKGAIIGLMVGGVVIATVIVITLVMLKKKQYTSIHHGVVE,Yes,5183.1793,8.368463707,0.06122449,12.63673469,0.985714286,UniProt:L7XCZ9,Full APP protein. Function: 
APP (UniProt:Q9BYY9),Q9BYY9,NPTYKFFEQMQN,Yes,1546.7011,6.000685692,0.25,16.53333333,-1.458333333,UniProt:Q9BYY9,Full APP protein. Function: 
APP (UniProt:L7XE61),L7XE61,SGLTNIKTEEISEVKMDAEFRHDSGYEVHHQKL,Yes,3829.168,5.37994709,0.060606061,56.52121212,-0.960606061,UniProt:L7XE61,Full APP protein. Function: 
APP (UniProt:Q9UED0),Q9UED0,MAATGTAAAAATGRLLLLLLVGLTAPALALAGYIE,Yes,3339.9841,5.971868324,0.028571429,24.67142857,1.408571429,UniProt:Q9UED0,Full APP protein. Function: 
APP (UniProt:B4E3I5),B4E3I5,MAAAATGRLLLLLLVGLTAPALALAGYIEALAANAGTGFAVAEPQIAMFCGKLNMHVNIQTGKWEPDPTGTKSCFETKEEVLQYCQEMYPELQITNVMEANQRVSIDNWCRRDKKQCKSRFVTPFKCLVGEFVSDVLLVPEKCQFFHKERMEVCENHQHWHTVVKEACLTQGMTLYSYGMLLPCGVDQFHGTEYVCCPQTKIIGSVSKEEEEEDEEEEEEEDEEEDYDVYKSEFPTEADLEDFTEAAVDEDDEDEEEGEEVVEDRDYYYDTFKGDDYNEENPTEPGSDGTMSDKEITHDVKVPPTPLPTNDVDVYFETSADDNEHARFQKAKEQLEIRHRNRMDRVKKEWEEAELQAKNLPKAERQTLIQHFQAMVKALEKEAASEKQQLVETHLARVEAMLNDRRRMALENYLAALQSDPPRPHRILQALRRYVRAENKDRLHTIRHYQHVLAVDPEKAAQMKSQVMTHLHVIEERRNQSLSLLYKVPYVAQEIQEEIDELLQEQRADMDQFTASISETPVDVRVSSEESEEIPPFHPFHPFPALPENEGSGVGEQDGGLIGAEEKVINSKNKVDENMVIDETLDVKEMIFNAERVGGLEEERESVGPLREDFSLSSSALIGLLVIAVAIATVIVISLVMLRKRQYGTISHGIVEVDPMLTPEERHLNKMQNHGYENPTYKYLEQMQI,Yes,78764.4475,4.653885841,0.068214804,52.23613933,-0.603193033,UniProt:B4E3I5,Full APP protein. Function: 
APP (UniProt:B4DTV1),B4DTV1,MEVCENHQHWHTVVKEACLTQGMTLYSYGMLLPCGVDQFHGTEYVCCPQTKIIGSVSKEEEEEDEEEEEEEDEEEDYDVYKSEFPTEADLEDFTEAAVDEDDEDEEEGEEVVEDRDYYYDTFKGDDYNEENPTEPGSDGTMSDKEITHDVKVPPTPLPTNDVDVYFETSADDNEHARFQKAKEQLEIRHRNRMDRVKKEWEEAELQAKNLPKAERQTLIQHFQAMVKALEKEAASEKQQLVETHLARVEAMLNDRRRMALENYLAALQSDPPRPHRILQALRRYVRAENKDRLHTIRHYQHVLAVDPEKAAQMKSQVMTHLHVIEERRNQSLSLLYKVPYVAQEIQEEIDELLQEQRADMDQFTASISETPVDVRVSSEESEEIPPFHPFHPFPALPENEDTQPELYHPMKKGSGVGEQNGGLIGAEEKVINSKNKVDENMVIDETLDVKEMIFNAERVGGLEEERESVGPLREDFSLSSSALIGLLVIAVAIATVIVISLVMLRKRQYGTISHGIVEVDPMLTPEERHLNKMQNHGYENPTYKYLEQMQI,Yes,63546.8362,4.575334358,0.063520871,54.75989111,-0.79292196,UniProt:B4DTV1,Full APP protein. Function: 
APP (UniProt:B4DKY3),B4DKY3,MAATGTAAAAATGRLLLLLLVGLTAPALALAGYIEALAANAGTGFAVAEPQIAMFCGKLNMHVNIQTGKWEPDPTGTKSCFETKEEVLQYCQEMYPELQITNVMEANQRVSIDNWCRRDKKQCKSRFVTPFKCLVGEFVSYVRAENKDRLHTIRHYQHVLAVDPEKAAQMKSQVMTHLHVIEERRNQSLSLLYKVPYVAQEIQEEIDELLQEQRADMDQFTASISETPVDVRVSSEESEEIPPFHPFHPFPALPENEGSGVGEQDGGLIGAEEKVINSKNKVDENMVIDETLDVKEMIFNAERVGGLEEERESVGPLREDFSLSSSALIGLLVIAVAIATVIVISLVMLRKRQYGTISHGIVEVDPMLTPEERHLNKMQNHGYENPTYKYLEQMQI,Yes,44258.0058,4.997704887,0.063131313,46.06843434,-0.241919192,UniProt:B4DKY3,Full APP protein. Function: 
APP (UniProt:E9PPD0),E9PPD0,MAATGTAAAAATGRLLLLLLVGLTAPALALAGYIEWVNL,Yes,3852.5852,5.752981377,0.051282051,17.13589744,1.356410256,UniProt:E9PPD0,Full APP protein. Function: 
APP (UniProt:B2R5S2),B2R5S2,MGPASPAARGLSRRPGQPPLPLLLPLLLLLLRAQPAIGSLAGGSPGAAEAPGSAQVAGLCGRLTLHRDLRTGRWEPDPQRSRRCLRDPQRVLEYCRQMYPELQIARVGQATQAIPMERWCGGSRSGSCAHPHHQVVPFRCLPGEFVSEALLVPEGCRFLHQERMDQCESSTRRHQEAQEACSSQGLILHGSGMLLPCGSDRFRGVEYVCCPPPGTPDPSGTAVGDPSTRSWPPGSRVEGAEDEEEEESFPQPVDDYFVEPPQAEEEEETVPPPSSHTLAVVGKVTPTPRPTDGVDIYFGMPGEISEHEGFLRAKMDLEERRMRQINEVMREWAMADNQSKNLPKADRQALNEHFQSILQTLEEQVSGERQRLVETHATRVIALINDQRRAALEGFLAALQADPPQAERVLLALRRYLRAEQKEQRHTLRHYQHVAAVDPEKAQQMRFQVHTHLQVIEERVNQSLGLLDQNPHLAQELRPQIQELLHSEHLGPSELEAPAPGGSSEDKGGLQPPDSKDDTPMTLPKGSTEQDAASPEKEKMNPLEQYERKVNASVPRGFPFHSSEIQRDELAPAGTGVSREAVSGLLIMGAGGGSLIVLSMLLLRRKKPYGAISHGVVEVDPMLTLEEQQLRELQRHGYENPTYRFLEERP,Yes,72103.5223,5.58013401,0.044615385,63.90292308,-0.624153846,UniProt:B2R5S2,Full APP protein. Function: 
APP (UniProt:F5GZ08),F5GZ08,MLASLEKDKTAPGSAQVAGLCGRLTLHRDLRTGRWEPDPQRSRRCLRDPQRVLEYCRQMYPELQIARVEQATQAIPMERWCGGSRSGSCAHPHHQVVPFRCLPGEFVSEALLVPEGCRFLHQERMDQCESSTRRHQEAQEACSSQGLILHGSGMLLPCGSDRFRGVEYVCCPPPGTPDPSGTAVGDPSTRSWPPGSRVEGAEDEEEEESFPQPVDDYFVEPPQAEEEEETVPPPSSHTLAVVGKVTPTPRPTDGVDIYFGMPGEISEHEGFLRAKMDLEERRMRQINEVMREWAMADNQSKNLPKADRQALNEHFQSILQTLEEQVSGERQRLVETHATRVIALINDQRRAALEGFLAALQADPPQAERVLLALRRYLRAEQKEQRHTLRHYQHVAAVDPEKAQQMRFQVHTHLQVIEERVNQSLGLLDQNPHLAQELRPQIQELLHSEHLGPSELEAPAPGGSSEDKGGLQPPDSKDDTPMTLPKGSTEQDAASPEKEKMNPLEQYERKVNASVPRGFPFHSSEIQRDELAPAGTGVSREAVSGLLIMGAGGGSLIVLSMLLLRRKKPYGAISHGVVEVDPMLTLEEQQLRELQRHGYENPTYRFLEERP,Yes,68490.213,5.412800026,0.047463175,61.89148936,-0.70589198,UniProt:F5GZ08,Full APP protein. Function: 
APP (UniProt:A0A0A0MRG2),A0A0A0MRG2,MFCGRLNMHMNVQNGKWDSDPSGTKTCIDTKEGILQYCQEVYPELQITNVVEANQPVTIQNWCKRGRKQCKTHPHFVIPYRCLVGEFVSDALLVPDKCKFLHQERMDVCETHLHWHTVAKETCSEKSTNLHDYGMLLPCGIDKFRGVEFVCCPLAEESDNVDSADAEEDDSDVWWGGADTDYADGSEDKVVEVAEEEEVAEVEEEEADDDEDDEDGDEVEEEAEEPYEEATERTTSIATTTTTTTESVEEVVRVPTTAASTPDAVDKYLETPGDENEHAHFQKAKERLEAKHRERMSQVMREWEEAERQAKNLPKADKKAVIQHFQEKVESLEQEAANERQQLVETHMARVEAMLNDRRRLALENYITALQAVPPRPRHVFNMLKKYVRAEQKDRQHTLKHFEHVRMVDPKKAAQIRSQVMTHLRVIYERMNQSLSLLYNVPAVAEEIQDEVDELLQKEQNYSDDVLANMISEPRISYGNDALMPSLTETKTTVELLPVNGEFSLDDLQPWHSFGADSVPANTENEVEPVDARPAADRGLTTRPGSGLTNIKTEEISEVKMDAEFRHDSGYEVHHQKLVFFAEDVGSNKGAIIGLMVGGVVIATVIVITLVMLKKKQYTSIHHGVVEVDAAVTPEERHLSKMQQNGYENPTYKFFEQMQN,Yes,75108.8785,4.750398445,0.062121212,38.61075758,-0.676212121,UniProt:A0A0A0MRG2,Full APP protein. Function: 
APP (UniProt:B7Z4Q2),B7Z4Q2,MLASLEKDKTAPGSAQVAGLCGRLTLHRDLRTGRWEPDPQRSRRCLRDPQRVLEYCRQMYPELQIARVEQATQAIPMERWCGGSRSGSCAHPHHQVVPFRCLPGEFVSEALLVPEGCRFLHQERMDQCESSTRRHQEAQEACSSQGLILHGSGMLLPCGSDRFRGVEYVCCPPPGTPDPSGTAVGDPSTRSWPPGSRVEGAEDEEEEESFPQPVDDYFVEPPQAEEEEETVPPPSSHTLAVVGKVTPTPRPTDGVDIYFGMPGEISEHEGFLRAKMDLEERRMRQINEVMREWALADNQSKNLPKADRQALNEHFQSILQTLEEQVSGERQRLVETHATRVIALINDQRRAALEGFLAALQADPPQAERVLLALRRYLRAEQKEQRHTLRHYQHVAAVDPEKAQQMRFQVHTHLQVIEERVNQSLGLLDQNPHLAQELRPQIQELLHSEHLGPSELEAPAPGGSSEDKGGLQPPDSKDDTPMTLPKGSTEQDAASPEKEKMNPLEQYERKVNASVPRGFPFHSSEIQRDELAPAGTGVSREAVSGLLIMGAGGGSLIVLSMLLLRRKKPYGAISHGVVEVDPMLTLEEQQLRELQRHGYENPTYRFLEERP,Yes,68472.1746,5.412800026,0.047463175,61.68952537,-0.702782324,UniProt:B7Z4Q2,Full APP protein. Function: 
APP (UniProt:Q5I0G1),Q5I0G1,LKLRNAPHPDDDDSCSINSDPEAKCFAVRSLGWVEMAEEDLAPGKSSVAVNNCIRQLSYCKNDIRDTVGIWGEGKDMYLILENDMLSLVDPMDRSVLHSQPIVSIRVWGVGRDNGRDFAYVARDKDTRILKCHVFRCDTPAKAIATSLHEICSKIMAERKNAKALACSSLQERANVNLDVPLQVDFPTPKTELVQKFHVQYLGMLPVDKPVGMDILNSAIENLMTSSNKEDWLSVNMNVADATVTVISEKNEEEVLVECRVRFLSFMGVGKDVHTFAFIMDTGNQRFECHVFWCEPNAGNVSEAVQAACMLRYQKCLVARPPSQKVRPPPPPADSVTRRVTTNVKRGVLSLIDTLKQKRPVTEMP,Yes,40806.5063,6.22292614,0.057534247,44.67123288,-0.260273973,UniProt:Q5I0G1,Full APP protein. Function: 
