Protein_Name,Protein_ID,Sequence,Structure_File,Disease_Related,Molecular_Weight,Isoelectric_Point,Source,Secondary_Structure_Alpha,Secondary_Structure_Beta,Secondary_Structure_Others,Radius_of_Gyration,Total_SASA,End_to_End_Distance,RMSD_to_Abeta40,Notes
Amyloid-beta A4 precursor protein-binding family A member 3 (Adapter protein X11gamma) (Neuron-specific X11L2 protein) (Neuronal Munc18-1-interacting protein 3) (Mint-3),UniProt:O96018,MDFPTISRSPSGPPAMDLEGPRDILVPSEDLTPDSQWDPMPGGPGSLSRMELDESSLQELVQQFEALPGDLVGPSPGGAPCPLHIATGHGLASQEIADAHGLLSAEAGRDDLLGLLHCEECPPSQTGPEEPLEPAPRLLQPPEDPDEDSDSPEWVEGASAEQEGSRSSSSSPEPWLETVPLVTPEEPPAGAQSPETLASYPAPQEVPGPCDHEDLLDGVIFGARYLGSTQLVSERNPPTSTRMAQAREAMDRVKAPDGETQPMTEVDLFVSTKRIKVLTADSQEAMMDHALHTISYTADIGCVLVLMARRRLARRPAPQDHGRRLYKMLCHVFYAEDAQLIAQAIGQAFAAAYSQFLRESGIDPSQVGVHPSPGACHLHNGDLDHFSNSDNCREVHLEKRRGEGLGVALVESGWGSLLPTAVIANLLHGGPAERSGALSIGDRLTAINGTSLVGLPLAACQAAVRETKSQTSVTLSIVHCPPVTTAIIHRPHAREQLGFCVEDGIICSLLRGGIAERGGIRVGHRIIEINGQSVVATPHARIIELLTEAYGEVHIKTMPAATYRLLTGQEQPVYL,N/A,No,61454,N/A,UniProt:O96018,N/A,N/A,N/A,N/A,N/A,N/A,N/A,N/A
Amyloid-beta precursor protein (APP) (ABPP) (APPI) (Alzheimer disease amyloid A4 protein homolog) (Alzheimer disease amyloid protein) (Amyloid precursor protein) (Amyloid-beta (A4) precursor protein) (Amyloid-beta A4 protein) (Cerebral vascular amyloid peptide) (CVAP) (PreA4) (Protease nexin-II) (PN-II) [Cleaved into: N-APP; Soluble APP-alpha (S-APP-alpha); Soluble APP-beta (S-APP-beta); C99 (Beta-secretase C-terminal fragment) (Beta-CTF); Amyloid-beta protein 42 (Abeta42) (Beta-APP42); Amyloid-beta protein 40 (Abeta40) (Beta-APP40); C83 (Alpha-secretase C-terminal fragment) (Alpha-CTF); P3(42); P3(40); C80; Gamma-secretase C-terminal fragment 59 (Amyloid intracellular domain 59) (AICD-59) (AID(59)) (Gamma-CTF(59)); Gamma-secretase C-terminal fragment 57 (Amyloid intracellular domain 57) (AICD-57) (AID(57)) (Gamma-CTF(57)); Gamma-secretase C-terminal fragment 50 (Amyloid intracellular domain 50) (AICD-50) (AID(50)) (Gamma-CTF(50)); C31],UniProt:P05067,MLPGLALLLLAAWTARALEVPTDGNAGLLAEPQIAMFCGRLNMHMNVQNGKWDSDPSGTKTCIDTKEGILQYCQEVYPELQITNVVEANQPVTIQNWCKRGRKQCKTHPHFVIPYRCLVGEFVSDALLVPDKCKFLHQERMDVCETHLHWHTVAKETCSEKSTNLHDYGMLLPCGIDKFRGVEFVCCPLAEESDNVDSADAEEDDSDVWWGGADTDYADGSEDKVVEVAEEEEVAEVEEEEADDDEDDEDGDEVEEEAEEPYEEATERTTSIATTTTTTTESVEEVVREVCSEQAETGPCRAMISRWYFDVTEGKCAPFFYGGCGGNRNNFDTEEYCMAVCGSAMSQSLLKTTQEPLARDPVKLPTTAASTPDAVDKYLETPGDENEHAHFQKAKERLEAKHRERMSQVMREWEEAERQAKNLPKADKKAVIQHFQEKVESLEQEAANERQQLVETHMARVEAMLNDRRRLALENYITALQAVPPRPRHVFNMLKKYVRAEQKDRQHTLKHFEHVRMVDPKKAAQIRSQVMTHLRVIYERMNQSLSLLYNVPAVAEEIQDEVDELLQKEQNYSDDVLANMISEPRISYGNDALMPSLTETKTTVELLPVNGEFSLDDLQPWHSFGADSVPANTENEVEPVDARPAADRGLTTRPGSGLTNIKTEEISEVKMDAEFRHDSGYEVHHQKLVFFAEDVGSNKGAIIGLMVGGVVIATVIVITLVMLKKKQYTSIHHGVVEVDAAVTPEERHLSKMQQNGYENPTYKFFEQMQN,N/A,No,86943,N/A,UniProt:P05067,N/A,N/A,N/A,N/A,N/A,N/A,N/A,N/A
Amyloid-beta precursor protein (ABPP) (APP) (Alzheimer disease amyloid A4 protein homolog) (Alzheimer disease amyloid protein) (Amyloid precursor protein) (Amyloid-beta (A4) precursor protein) (Amyloid-beta A4 protein) (Amyloidogenic glycoprotein) (AG) [Cleaved into: N-APP; Soluble APP-alpha (S-APP-alpha); Soluble APP-beta (S-APP-beta); C99 (Beta-secretase C-terminal fragment) (Beta-CTF); Amyloid-beta protein 42 (Abeta42) (Beta-APP42); Amyloid-beta protein 40 (Abeta40) (Beta-APP40); C83 (Alpha-secretase C-terminal fragment) (Alpha-CTF); P3(42); P3(40); C80; Gamma-secretase C-terminal fragment 59 (Gamma-CTF(59)); Gamma-secretase C-terminal fragment 57 (Gamma-CTF(57)); Gamma-secretase C-terminal fragment 50 (Gamma-CTF(50)); C31],UniProt:P08592,MLPSLALLLLAAWTVRALEVPTDGNAGLLAEPQIAMFCGKLNMHMNVQNGKWESDPSGTKTCIGTKEGILQYCQEVYPELQITNVVEANQPVTIQNWCKRGRKQCKTHTHIVIPYRCLVGEFVSDALLVPDKCKFLHQERMDVCETHLHWHTVAKETCSEKSTNLHDYGMLLPCGIDKFRGVEFVCCPLAEESDSIDSADAEEDDSDVWWGGADTDYADGGEDKVVEVAEEEEVADVEEEEAEDDEDVEDGDEVEEEAEEPYEEATERTTSIATTTTTTTESVEEVVREVCSEQAETGPCRAMISRWYFDVTEGKCAPFFYGGCGGNRNNFDTEEYCMAVCGSVSSQSLLKTTSEPLPQDPVKLPTTAASTPDAVDKYLETPGDENEHAHFQKAKERLEAKHRERMSQVMREWEEAERQAKNLPKADKKAVIQHFQEKVESLEQEAANERQQLVETHMARVEAMLNDRRRLALENYITALQAVPPRPHHVFNMLKKYVRAEQKDRQHTLKHFEHVRMVDPKKAAQIRSQVMTHLRVIYERMNQSLSLLYNVPAVAEEIQDEVDELLQKEQNYSDDVLANMISEPRISYGNDALMPSLTETKTTVELLPVNGEFSLDDLQPWHPFGVDSVPANTENEVEPVDARPAADRGLTTRPGSGLTNIKTEEISEVKMDAEFGHDSGFEVRHQKLVFFAEDVGSNKGAIIGLMVGGVVIATVIVITLVMLKKKQYTSIHHGVVEVDAAVTPEERHLSKMQQNGYENPTYKFFEQMQN,N/A,No,86704,N/A,UniProt:P08592,N/A,N/A,N/A,N/A,N/A,N/A,N/A,N/A
Amyloid-beta precursor protein (ABPP) (APP) (Alzheimer disease amyloid A4 protein homolog) (Alzheimer disease amyloid protein) (Amyloid precursor protein) (Amyloid-beta (A4) precursor protein) (Amyloid-beta A4 protein) (Amyloidogenic glycoprotein) (AG) [Cleaved into: N-APP; Soluble APP-alpha (S-APP-alpha); Soluble APP-beta (S-APP-beta); C99 (APP-C99) (Beta-secretase C-terminal fragment) (Beta-CTF); Amyloid-beta protein 42 (Abeta42) (Beta-APP42); Amyloid-beta protein 40 (Abeta40) (Beta-APP40); C83 (Alpha-secretase C-terminal fragment) (Alpha-CTF); P3(42); P3(40); C80; Gamma-secretase C-terminal fragment 59 (APP-C59) (Amyloid intracellular domain 59) (AID(59)) (Gamma-CTF(59)); Gamma-secretase C-terminal fragment 57 (APP-C57) (Amyloid intracellular domain 57) (AID(57)) (Gamma-CTF(57)); Gamma-secretase C-terminal fragment 50 (Amyloid intracellular domain 50) (AID(50)) (Gamma-CTF(50)); C31],UniProt:P12023,MLPSLALLLLAAWTVRALEVPTDGNAGLLAEPQIAMFCGKLNMHMNVQNGKWESDPSGTKTCIGTKEGILQYCQEVYPELQITNVVEANQPVTIQNWCKRGRKQCKTHTHIVIPYRCLVGEFVSDALLVPDKCKFLHQERMDVCETHLHWHTVAKETCSEKSTNLHDYGMLLPCGIDKFRGVEFVCCPLAEESDSVDSADAEEDDSDVWWGGADTDYADGGEDKVVEVAEEEEVADVEEEEADDDEDVEDGDEVEEEAEEPYEEATERTTSTATTTTTTTESVEEVVREVCSEQAETGPCRAMISRWYFDVTEGKCVPFFYGGCGGNRNNFDTEEYCMAVCGSVSTQSLLKTTSEPLPQDPDKLPTTAASTPDAVDKYLETPGDENEHAHFQKAKERLEAKHRERMSQVMREWEEAERQAKNLPKADKKAVIQHFQEKVESLEQEAANERQQLVETHMARVEAMLNDRRRLALENYITALQAVPPRPHHVFNMLKKYVRAEQKDRQHTLKHFEHVRMVDPKKAAQIRSQVMTHLRVIYERMNQSLSLLYNVPAVAEEIQDEVDELLQKEQNYSDDVLANMISEPRISYGNDALMPSLTETKTTVELLPVNGEFSLDDLQPWHPFGVDSVPANTENEVEPVDARPAADRGLTTRPGSGLTNIKTEEISEVKMDAEFGHDSGFEVRHQKLVFFAEDVGSNKGAIIGLMVGGVVIATVIVITLVMLKKKQYTSIHHGVVEVDAAVTPEERHLSKMQQNGYENPTYKFFEQMQN,N/A,No,86722,N/A,UniProt:P12023,N/A,N/A,N/A,N/A,N/A,N/A,N/A,N/A
Alpha-synuclein (Non-A beta component of AD amyloid) (Non-A4 component of amyloid precursor) (NACP),UniProt:P37840,MDVFMKGLSKAKEGVVAAAEKTKQGVAEAAGKTKEGVLYVGSKTKEGVVHGVATVAEKTKEQVTNVGGAVVTGVTAVAQKTVEGAGSIAAATGFVKKDQLGKNEEGAPQEGILEDMPVDPDNEAYEMPSEEGYQDYEPEA,N/A,No,14460,N/A,UniProt:P37840,N/A,N/A,N/A,N/A,N/A,N/A,N/A,N/A
Amyloid-beta precursor protein (ABPP) (APP) (Alzheimer disease amyloid A4 protein homolog) (Alzheimer disease amyloid protein) (Amyloid precursor protein) (Amyloid-beta (A4) precursor protein) (Amyloid-beta A4 protein) [Cleaved into: N-APP; Soluble APP-alpha (S-APP-alpha); Soluble APP-beta (S-APP-beta); C99 (Beta-secretase C-terminal fragment) (Beta-CTF); Amyloid-beta protein 42 (Abeta42) (Beta-APP42); Amyloid-beta protein 40 (Abeta40) (Beta-APP40); C83 (Alpha-secretase C-terminal fragment) (Alpha-CTF); P3(42); P3(40); C80; Gamma-secretase C-terminal fragment 59 (Gamma-CTF(59)); Gamma-secretase C-terminal fragment 57 (Gamma-CTF(57)); Gamma-secretase C-terminal fragment 50 (Gamma-CTF(50)); C31],UniProt:P53601,MLPGLALLLLAAWTARALEVPTDGNAGLLAEPQIAMFCGRLNMHMNVQNGKWDSDPSGTKTCIDTKEGILQYCQEVYPELQITNVVEANQPVTIQNWCKRGRKQCKTHPHFVIPYRCLVGEFVSDALLVPDKCKFLHQERMDVCETHLHWHTVAKETCSEKSTNLHDYGMLLPCGIDKFRGVEFVCCPLAEESDNVDSADAEEDDSDVWWGGADTDYADGSEDKVVEVAEEEEVAEVEEEEADDDEDDEDGDEVEEEAEEPYEEATERTTSIATTTTTTTESVEEVVREVCSEQAETGPCRAMISRWYFDVTEGKCAPFFYGGCGGNRNNFDTEEYCMAVCGSVMSQSLRKTTREPLTRDPVKLPTTAASTPDAVDKYLETPGDENEHAHFQKAKERLEAKHRERMSQVMREWEEAERQAKNLPKADKKAVIQHFQEKVESLEQEAANERQQLVETHMARVEAMLNDRRRLALENYITALQAVPPRPRHVFNMLKKYVRAEQKDRQHTLKHFEHVRMVDPKKAAQIRSQVMTHLRVIYERMNQSLSLLYNVPAVAEEIQDEVDELLQKEQNYSDDVLANMISEPRISYGNDALMPSLTETKTTVELLPVNGEFSLDDLQPWHSFGADSVPANTENEVEPVDARPAADRGLTTRPGSGLTNIKTEEISEVKMDAEFRHDSGYEVHHQKLVFFAEDVGSNKGAIIGLMVGGVVIATVIVITLVMLKKKQYTSIHHGVVEVDAAVTPEERHLSKMQQNGYENPTYKFFEQMQN,N/A,No,87072,N/A,UniProt:P53601,N/A,N/A,N/A,N/A,N/A,N/A,N/A,N/A
Beta-secretase 1 (EC 3.4.23.46) (Aspartyl protease 2) (ASP2) (Asp 2) (Beta-site amyloid precursor protein cleaving enzyme 1) (Beta-site APP cleaving enzyme 1) (Memapsin-2) (Membrane-associated aspartic protease 2),UniProt:P56817,MAQALPWLLLWMGAGVLPAHGTQHGIRLPLRSGLGGAPLGLRLPRETDEEPEEPGRRGSFVEMVDNLRGKSGQGYYVEMTVGSPPQTLNILVDTGSSNFAVGAAPHPFLHRYYQRQLSSTYRDLRKGVYVPYTQGKWEGELGTDLVSIPHGPNVTVRANIAAITESDKFFINGSNWEGILGLAYAEIARPDDSLEPFFDSLVKQTHVPNLFSLQLCGAGFPLNQSEVLASVGGSMIIGGIDHSLYTGSLWYTPIRREWYYEVIIVRVEINGQDLKMDCKEYNYDKSIVDSGTTNLRLPKKVFEAAVKSIKAASSTEKFPDGFWLGEQLVCWQAGTTPWNIFPVISLYLMGEVTNQSFRITILPQQYLRPVEDVATSQDDCYKFAISQSSTGTVMGAVIMEGFYVVFDRARKRIGFAVSACHVHDEFRTAAVEGPFVTLDMEDCGYNIPQTDESTLMTIAYVMAAICALFMLPLCLMVCQWRCLRCLRQQHDDFADDISLLK,N/A,No,55764,N/A,UniProt:P56817,N/A,N/A,N/A,N/A,N/A,N/A,N/A,N/A
Amyloid-beta precursor protein (ABPP) (APP) (Alzheimer disease amyloid A4 protein homolog) (Alzheimer disease amyloid protein) (Amyloid precursor protein) (Amyloid-beta (A4) precursor protein) (Amyloid-beta A4 protein) [Cleaved into: N-APP; Soluble APP-alpha (S-APP-alpha); Soluble APP-beta (S-APP-beta); C99 (Beta-secretase C-terminal fragment) (Beta-CTF); Amyloid-beta protein 42 (Abeta42) (Beta-APP42); Amyloid-beta protein 40 (Abeta40) (Beta-APP40); C83 (Alpha-secretase C-terminal fragment) (Alpha-CTF); P3(42); P3(40); C80; Gamma-secretase C-terminal fragment 59 (Gamma-CTF(59)); Gamma-secretase C-terminal fragment 57 (Gamma-CTF(57)); Gamma-secretase C-terminal fragment 50 (Gamma-CTF(50)); C31],UniProt:P79307,MLPGLALVLLAAWTARALEVPTDGNAGLLAEPQVAMFCGKLNMHMNVQNGKWESDPSGTKTCIGTKEGILQYCQEVYPELQITNVVEANQPVTIQNWCKRSRKQCKTHTHIVIPYRCLVGEFVSDALLVPDKCKFLHQERMDVCETHLHWHTVAKETCSEKSTNLHDYGMLLPCGIDKFRGVEFVCCPLAEESDNIDSADAEEDDSDVWWGGADTDYADGSEDKVVEVAEEEEVADVEEEEAEDDEDDEDGDEVEEEAEEPYEEATERTTSIATTTTTTTESVEEVVREVCSEQAETGPCRAMISRWYFDVTEGKCAPFFYGGCGGNRNNFDTEEYCMAVCGSVMSQSLLKTTQEHLPQDPVKLPTTAASTPDAVDKYLETPGDENEHAHFQKAKERLEAKHRERMSQVMREWEEAERQAKNLPKADKKAVIQHFQEKVESLEQEAANERQQLVETHMARVEAMLNDRRRLALENYITALQAVPPRPRHVFNMLKKYVRAEQKDRQHTLKHFEHVRMVDPKKAAQIRSQVMTHLRVIYERMNQSLSLLYNVPAVAEEIQDEVDELLQKEQNYSDDVLANMISEPRISYGNDALMPSLTETKTTVELLPVNGEFSLDDLQPWHPFGVDSVPANTENEVEPVDARPAADRGLTTRPGSGLTNIKTEEISEVKMDAEFRHDSGYEVHHQKLVFFAEDVGSNKGAIIGLMVGGVVIATVIVITLVMLKKKQYTSIHHGVVEVDAAVTPEERHLSKMQQNGYENPTYKFFEQMQN,N/A,No,86961,N/A,UniProt:P79307,N/A,N/A,N/A,N/A,N/A,N/A,N/A,N/A
Amyloid beta precursor like protein 2 (APPH) (Amyloid beta (A4) precursor-like protein 2) (Amyloid protein homolog) (Amyloid-like protein 2) (APLP-2) (CDEI box-binding protein) (CDEBP) (Sperm membrane protein YWK-II),UniProt:Q06481,MAATGTAAAAATGRLLLLLLVGLTAPALALAGYIEALAANAGTGFAVAEPQIAMFCGKLNMHVNIQTGKWEPDPTGTKSCFETKEEVLQYCQEMYPELQITNVMEANQRVSIDNWCRRDKKQCKSRFVTPFKCLVGEFVSDVLLVPEKCQFFHKERMEVCENHQHWHTVVKEACLTQGMTLYSYGMLLPCGVDQFHGTEYVCCPQTKIIGSVSKEEEEEDEEEEEEEDEEEDYDVYKSEFPTEADLEDFTEAAVDEDDEDEEEGEEVVEDRDYYYDTFKGDDYNEENPTEPGSDGTMSDKEITHDVKAVCSQEAMTGPCRAVMPRWYFDLSKGKCVRFIYGGCGGNRNNFESEDYCMAVCKAMIPPTPLPTNDVDVYFETSADDNEHARFQKAKEQLEIRHRNRMDRVKKEWEEAELQAKNLPKAERQTLIQHFQAMVKALEKEAASEKQQLVETHLARVEAMLNDRRRMALENYLAALQSDPPRPHRILQALRRYVRAENKDRLHTIRHYQHVLAVDPEKAAQMKSQVMTHLHVIEERRNQSLSLLYKVPYVAQEIQEEIDELLQEQRADMDQFTASISETPVDVRVSSEESEEIPPFHPFHPFPALPENEDTQPELYHPMKKGSGVGEQDGGLIGAEEKVINSKNKVDENMVIDETLDVKEMIFNAERVGGLEEERESVGPLREDFSLSSSALIGLLVIAVAIATVIVISLVMLRKRQYGTISHGIVEVDPMLTPEERHLNKMQNHGYENPTYKYLEQMQI,N/A,No,86956,N/A,UniProt:Q06481,N/A,N/A,N/A,N/A,N/A,N/A,N/A,N/A
Amyloid-beta precursor protein (ABPP) (APP) (Alzheimer disease amyloid A4 protein homolog) (Alzheimer disease amyloid protein) (Amyloid precursor protein) (Amyloid-beta (A4) precursor protein) (Amyloid-beta A4 protein) [Cleaved into: Soluble APP-beta (S-APP-beta); CTF-alpha; Amyloid-beta protein 42 (Abeta42) (Beta-APP42); Amyloid-beta protein 40 (Abeta40) (Beta-APP40); Gamma-secretase C-terminal fragment 59 (Gamma-CTF(59)); Gamma-secretase C-terminal fragment 57 (Gamma-CTF(57))],UniProt:Q28280,ISEVKMDAEFRHDSGYEVHHQKLVFFAEDVGSNKGAIIGLMVGGVVIATVIVITLVML,N/A,No,6285,N/A,UniProt:Q28280,N/A,N/A,N/A,N/A,N/A,N/A,N/A,N/A
Amyloid-beta precursor protein (ABPP) (APP) (Alzheimer disease amyloid A4 protein homolog) (Alzheimer disease amyloid protein) (Amyloid precursor protein) (Amyloid-beta (A4) precursor protein) (Amyloid-beta A4 protein) [Cleaved into: Soluble APP-beta (S-APP-beta); CTF-alpha; Amyloid-beta protein 42 (Abeta42) (Beta-APP42); Amyloid-beta protein 40 (Abeta40) (Beta-APP40); Gamma-secretase C-terminal fragment 59 (Gamma-CTF(59)); Gamma-secretase C-terminal fragment 57 (Gamma-CTF(57))],UniProt:Q28748,SEVKMDAEFRHDSGYEVHHQKLVFFAEDVGSNKGAIIGLMVGGVVIATVIVITLVMLK,N/A,No,6300,N/A,UniProt:Q28748,N/A,N/A,N/A,N/A,N/A,N/A,N/A,N/A
Amyloid-beta precursor protein (ABPP) (APP) (Alzheimer disease amyloid A4 protein homolog) (Alzheimer disease amyloid protein) (Amyloid precursor protein) (Amyloid-beta (A4) precursor protein) (Amyloid-beta A4 protein) [Cleaved into: Soluble APP-beta (S-APP-beta); CTF-alpha; Amyloid-beta protein 42 (Abeta42) (Beta-APP42); Amyloid-beta protein 40 (Abeta40) (Beta-APP40); Gamma-secretase C-terminal fragment 59 (Gamma-CTF(59)); Gamma-secretase C-terminal fragment 57 (Gamma-CTF(57))],UniProt:Q28757,SEVKMDAEFRHDSGYEVHHQKLVFFAEDVGSNKGAIIGLMVGGVVIATVIVITLVMLK,N/A,No,6300,N/A,UniProt:Q28757,N/A,N/A,N/A,N/A,N/A,N/A,N/A,N/A
Amyloid-beta precursor protein (ABPP) (APP) (Alzheimer disease amyloid A4 protein homolog) (Alzheimer disease amyloid protein) (Amyloid precursor protein) (Amyloid-beta (A4) precursor protein) (Amyloid-beta A4 protein) [Cleaved into: Soluble APP-beta (S-APP-beta); CTF-alpha; Amyloid-beta protein 42 (Abeta42) (Beta-APP42); Amyloid-beta protein 40 (Abeta40) (Beta-APP40); Gamma-secretase C-terminal fragment 59 (Gamma-CTF(59)); Gamma-secretase C-terminal fragment 57 (Gamma-CTF(57))],UniProt:Q29149,SEVKMDAEFRHDSGYEVHHQKLVFFAEDVGSNKGAIIGLMVGGVVIATVIVITLVML,N/A,No,6172,N/A,UniProt:Q29149,N/A,N/A,N/A,N/A,N/A,N/A,N/A,N/A
Amyloid-beta precursor protein (ABPP) (APP) (Alzheimer disease amyloid A4 protein homolog) (Alzheimer disease amyloid protein) (Amyloid precursor protein) (Amyloid-beta (A4) precursor protein) (Amyloid-beta A4 protein) [Cleaved into: N-APP; Soluble APP-alpha (S-APP-alpha); Soluble APP-beta (S-APP-beta); C99 (Beta-secretase C-terminal fragment) (Beta-CTF); Amyloid-beta protein 42 (Abeta42) (Beta-APP42); Amyloid-beta protein 40 (Abeta40) (Beta-APP40); C83 (Alpha-secretase C-terminal fragment) (Alpha-CTF); P3(42); P3(40); C80; Gamma-secretase C-terminal fragment 59 (Gamma-CTF(59)); Gamma-secretase C-terminal fragment 57 (Gamma-CTF(57)); Gamma-secretase C-terminal fragment 50 (Gamma-CTF(50)); C31],UniProt:Q5IS80,MLPGLALLLLAAWTARALEVPTDGNAGLLAEPQIAMFCGRLNMHMNVQNGKWDSDPSGTKTCIDTKEGILQYCQEVYPELQITNVVEANQPVTIQNWCKRGRKQCKTHPHFVIPYRCLVGEFVSDALLVPDKCKFLHQERMDVCETHLHWHTVAKETCSEKSTNLHDYGMLLPCGIDKFRGVEFVCCPLAEESDNVDSADAEEDDSDVWWGGADTDYADGSEDKVVEVAEEEEVAEVEEEEADDDEDDEDGDEVEEEAEEPYEEATERTTSIATTTTTTTESVEEVVREVCSEQAETGPCRAMISRWYFDVTEGKCAPFFYGGCGGNRNNFDTEEYCMAVCGSVMSQSLLKTTQEPLARDPVKLPTTAASTPDAVDKYLETPGDENEHAHFQKAKERLEAKHRERMSQVMREWEEAERQAKNLPKADKKAVIQHFQEKVESLEQEAANERQQLVETHMARVEAMLNDRRRLALENYITALQAVPPRPRHVFNMLKKYVRAEQKDRQHTLKHFEHVRMVDPKKAAQIRSQVMTHLRVIYERMNQSLSLLYNVPAVAEEIQDEVDELLQKEQNYSDDVLANMISEPRISYGNDALMPSLTETKTTVELLPVNGEFSLDDLQPWHSFGADSVPANTENEVEPVDARPAADRGLTTRPGSGLTNIKTEEISEVKMDAEFRHDSGYEVHHQKLVFFAEDVGSNKGAIIGLMVGGVVIATVIVITLVMLKKKQYTSIHHGVVEVDAAVTPEERHLSKMQQNGYENPTYKFFEQMQN,N/A,No,86971,N/A,UniProt:Q5IS80,N/A,N/A,N/A,N/A,N/A,N/A,N/A,N/A
Amyloid-beta precursor protein (ABPP) (APP) (Alzheimer disease amyloid A4 protein homolog) (Alzheimer disease amyloid protein) (Amyloid precursor protein) (Amyloid-beta (A4) precursor protein) (Amyloid-beta A4 protein) [Cleaved into: N-APP; Soluble APP-alpha (S-APP-alpha); Soluble APP-beta (S-APP-beta); C99 (Beta-secretase C-terminal fragment) (Beta-CTF) (CTF-beta); Amyloid-beta protein 42 (Abeta42) (Beta-APP42); Amyloid-beta protein 40 (Abeta40) (Beta-APP40); C83 (Alpha-secretase C-terminal fragment) (Alpha-CTF) (CTF-alpha); P3(42); P3(40); C80; Gamma-secretase C-terminal fragment 59 (Gamma-CTF(59)); Gamma-secretase C-terminal fragment 57 (Gamma-CTF(57)); Gamma-secretase C-terminal fragment 50 (Amyloid intracellular domain 50) (AICD-50) (AID(50)) (Gamma-CTF(50)); C31],UniProt:Q60495,MLPSLALLLLTTWTARALEVPTDGNAGLLAEPQIAMFCGKLNMHMNVQNGKWEPDPSGTKTCIGSKEGILQYCQEVYPELQITNVVEANQPVTIQNWCKRSRKQCKTHPHFVIPYRCLVGEFVSDALLVPDKCKFLHQERMDVCETHLHWHTVAKETCSEKSTNLHDYGMLLPCGIDKFRGVEFVCCPLAEESDNIDSADAEEDDSDVWWGGADTDYADGSEDKVVEVAEEEEVADVEEEEADDDEDVEDGDEVEEEAEEPYEEATEKTTSIATTTTTTTESVEEVVREVCSEQAETGPCRSMISRWYFDVTEGKCAPFFYGGCGGNRNNFDTEEYCMAVCGSVMSQNLLKTSGEPVSQGPVKLPTTAASTPDAVDKYLETPGDENEHAHFQKAKERLEAKHRERMSQVMREWEEAERQAKNLPKADKKAVIQHFQEKVESLEQEAANERQQLVETHMARVEAMLNDRRRLALENYITALQAVPPRPRHVFNMLKKYVRAEQKDRQHTLKHFEHVRMVDPKKAAQIRSQVMTHLRVIYERMNQSLSLLYNVPAVAEEIQDEVDELLQKEQNYSDDVLANMISEPRISYGNDALMPSLTETKTTVELLPVNGEFSLDDLQPWHPFGVDSVPANTENEVEPVDARPAADRGLTTRPGSGLTNIKTEEISEVKMDAEFRHDSGYEVHHQKLVFFAEDVGSNKGAIIGLMVGGVVIATVIVITLVMLKKKQYTSIHHGVVEVDAAVTPEERHLSKMQQNGYENPTYKFFEQMQN,N/A,No,86883,N/A,UniProt:Q60495,N/A,N/A,N/A,N/A,N/A,N/A,N/A,N/A
Amyloid-beta precursor protein (ABPP) (APP) (Alzheimer disease amyloid A4 protein homolog) (Alzheimer disease amyloid protein) (Amyloid precursor protein) (Amyloid-beta (A4) precursor protein) (Amyloid-beta A4 protein) [Cleaved into: N-APP; Soluble APP-alpha (S-APP-alpha); Soluble APP-beta (S-APP-beta); C99 (Beta-secretase C-terminal fragment) (Beta-CTF); Amyloid-beta protein 42 (Abeta42) (Beta-APP42); Amyloid-beta protein 40 (Abeta40) (Beta-APP40); C83 (Alpha-secretase C-terminal fragment) (Alpha-CTF); P3(42); P3(40); C80; Gamma-secretase C-terminal fragment 59 (Gamma-CTF(59)); Gamma-secretase C-terminal fragment 57 (Gamma-CTF(57)); Gamma-secretase C-terminal fragment 50 (Gamma-CTF(50)); C31],UniProt:Q95241,MLPGLALLLLAAWTARALEVPTDGNAGLLAEPQIAMFCGRLNMHMNVQNGKWDSDPSGTKTCIDTKEGILQYCQEVYPELQITNVVEANQPVTIQNWCKRDRKQCKTHPHIVIPYRCLVGEFVSDALLVPDKCKFLHQERMDVCETHLHWHTVAKETCSEKSTNLHDYGMLLPCGIDKFRGVEFVCCPLAEESDHVDSADAEEDDSDVWWGGADTDYADGSEDKVVEVAEEEEVAEVEEEEADDDEDDEDGDEVEEEAEEPYEEATERTTSIATTTTTTTESVEEVVREVCSEQAETGPCRAMISRWYFDVTEGKCAPFFYGGCGGNRNNFDTEEYCMAVCGSVIPTTAASTPDAVDKYLETPGDENEHAHFQKAKERLEAKHRERMSQVMREWEEAERQAKNLPKADKKAVIQHFQEKVESLEQEAANERQQLVETHMARVEAMLNDRRRLALENYITALQAVPPRPRHVFNMLKKYVRAEQKDRQHTLKHFEHVRMVDPKKAAQIRSQVMTHLRVIYERMNQSLSLLYNVPAVAEEIQDEVDELLQKEQNYSDDVLANMISEPRISYGNDALMPSLTETKTTVELLPVNGEFSLDDLQPWHSFGADSVPANTENEVEPVDARPAADRGLTTRPGSGLTNIKTEEISEVKMDAEFRHDSGYEVHHQKLVFFAEDVGSNKGAIIGLMVGGVVIATVIVITLVMLKKKQYTSIHHGVVEVDAAVTPEERHLSKMQQNGYENPTYKFFEQMQN,N/A,No,84894,N/A,UniProt:Q95241,N/A,N/A,N/A,N/A,N/A,N/A,N/A,N/A
3-hydroxyacyl-CoA dehydrogenase type-2 (EC 1.1.1.35) (17-beta-estradiol 17-dehydrogenase) (EC 1.1.1.62) (2-methyl-3-hydroxybutyryl-CoA dehydrogenase) (MHBD) (3-alpha-(17-beta)-hydroxysteroid dehydrogenase (NAD(+))) (EC 1.1.1.239) (3-hydroxy-2-methylbutyryl-CoA dehydrogenase) (EC 1.1.1.178) (3-hydroxyacyl-CoA dehydrogenase type II) (3alpha(or 20beta)-hydroxysteroid dehydrogenase) (EC 1.1.1.53) (7-alpha-hydroxysteroid dehydrogenase) (EC 1.1.1.159) (Endoplasmic reticulum-associated amyloid beta-peptide-binding protein) (Mitochondrial ribonuclease P protein 2) (Mitochondrial RNase P protein 2) (Short chain dehydrogenase/reductase family 5C member 1) (Short-chain type dehydrogenase/reductase XH98G2) (Type II HADH),UniProt:Q99714,MAAACRSVKGLVAVITGGASGLGLATAERLVGQGASAVLLDLPNSGGEAQAKKLGNNCVFAPADVTSEKDVQTALALAKGKFGRVDVAVNCAGIAVASKTYNLKKGQTHTLEDFQRVLDVNLMGTFNVIRLVAGEMGQNEPDQGGQRGVIINTASVAAFEGQVGQAAYSASKGGIVGMTLPIARDLAPIGIRVMTIAPGLFGTPLLTSLPEKVCNFLASQVPFPSRLGDPAEYAHLVQAIIENPFLNGEVIRLDGAIRMQP,N/A,No,26923,N/A,UniProt:Q99714,N/A,N/A,N/A,N/A,N/A,N/A,N/A,N/A
Collagen alpha-1(XXV) chain (Alzheimer disease amyloid-associated protein) (AMY) (CLAC-P) [Cleaved into: Collagen-like Alzheimer amyloid plaque component (CLAC)],UniProt:Q9BXS0,MLLKKHAGKGGGREPRSEDPTPAEQHCARTMPPCAVLAALLSVVAVVSCLYLGVKTNDLQARIAALESAKGAPSIHLLPDTLDHLKTMVQEKVERLLAQKSYEHMAKIRIAREAPSECNCPAGPPGKRGKRGRRGESGPPGQPGPQGPPGPKGDKGEQGDQGPRMVFPKINHGFLSADQQLIKRRLIKGDQGQAGPPGPPGPPGPRGPPGDTGKDGPRGMPGVPGEPGKPGEQGLMGPLGPPGQKGSIGAPGIPGMNGQKGEPGLPGAVGQNGIPGPKGEPGEQGEKGDAGENGPKGDTGEKGDPGSSAAGIKGEPGESGRPGQKGEPGLPGLPGLPGIKGEPGFIGPQGEPGLPGLPGTKGERGEAGPPGRGERGEPGAPGPKGKQGESGTRGPKGSKGDRGEKGDSGAQGPRGPPGQKGDQGATEIIDYNGNLHEALQRITTLTVTGPPGPPGPQGLQGPKGEQGSPGIPGMDGEQGLKGSKGDMGDPGMTGEKGGIGLPGLPGANGMKGEKGDSGMPGPQGPSIIGPPGPPGPHGPPGPMGPHGLPGPKGTDGPMGPHGPAGPKGERGEKGAMGEPGPRGPYGLPGKDGEPGLDGFPGPRGEKGDLGEKGEKGFRGVKGEKGEPGQPGLDGLDAPCQLGPDGLPMPGCWQK,N/A,No,64771,N/A,UniProt:Q9BXS0,N/A,N/A,N/A,N/A,N/A,N/A,N/A,N/A
Amyloid-beta precursor protein (ABPP) (APP) (Alzheimer disease amyloid A4 protein homolog) (Amyloid precursor protein) (Amyloid-beta (A4) precursor protein) (Amyloid-beta A4 protein) [Cleaved into: Amyloid-beta protein 40 (Abeta40) (Beta-APP40)],UniProt:P86906,DAEFRHESGYEVHHQKLVFFAEDVGSNKGAIIGLMVGGVV,N/A,No,4344,N/A,UniProt:P86906,N/A,N/A,N/A,N/A,N/A,N/A,N/A,N/A
Amyloid-beta precursor protein (ABPP) (APP) (Alzheimer disease amyloid A4 protein homolog) (Amyloid precursor protein) (Amyloid-beta (A4) precursor protein) (Amyloid-beta A4 protein) [Cleaved into: Soluble APP-beta (S-APP-beta); CTF-alpha; Amyloid-beta protein 42 (Abeta42) (Beta-APP42); Amyloid-beta protein 40 (Abeta40) (Beta-APP40); Gamma-secretase C-terminal fragment 59 (Gamma-CTF(59)); Gamma-secretase C-terminal fragment 57 (Gamma-CTF(57))],UniProt:Q28053,ISEVKMDAEFRHDSGYEVHHQKLVFFAEDVGSNKGAIIGLMVGGVVIATVIVITLVMLK,N/A,No,6414,N/A,UniProt:Q28053,N/A,N/A,N/A,N/A,N/A,N/A,N/A,N/A
Collagen alpha-1(XXV) chain (CLAC-P) [Cleaved into: Collagen-like Alzheimer amyloid plaque component (CLAC)],UniProt:Q99MQ5,MLVKKLAGKGGGRESGSEDPRPLGQRCAGTMPSCTALATLLSVVAVAFCFYLGVKTNDLQARIAALESAKGTPSFHPLSDTVDELKAMVQEKVERLLAQKSYEHMAKIRTAREAPLECNCPAGPPGKRGKRGRRGESGPPGQPGPQGPPGPKGDKGEQGDQGPRMVFPKINHGFLSADQQLIKRRLIKGDQGQAGPPGPPGPPGPRGPPGDTGKDGPRGMPGVPGEPGKPGEQGLMGPLGPPGQKGSIGAPGTPGMDGQKGEPGSPGAAGQSGLPGPKGEPGKEGEKGDAGENGPKGDTGEKGDPGSSAAGIKGEPGESGRPGQKGEPGLPGLPGLPGIKGEPGFIGPQGEPGLPGLPGTKGDRGEAGPPGRGERGDPGAPGPKGKQGESGARGPKGSKGDRGDKGDSGALGPRGPPGQKGDPGATEIIDYNGNLHEALQRITTLTVTGPPGPPGPQGLQGPKGEQGSPGIPGVDGEQGLKGSKGDMGDPGVPGEKGGLGLPGLPGANGVKGEKGDTGLPGPQGPSIIGPPGPPGPHGPPGPMGPHGLPGPKGASGLDGKPGSRGADGPIGPHGPAGPKGERGEKGAMGEPGPRGPYGLPGKDGEPGLDGFPGPRGEKGDLGEKGEKGFRGVKGEKGEPGQPGLDGLDAPCQLGPDGLPMPGCWQK,N/A,No,65377,N/A,UniProt:Q99MQ5,N/A,N/A,N/A,N/A,N/A,N/A,N/A,N/A
TM2 domain-containing protein 3 (Beta-amyloid-binding protein-like protein 2) (BBP-like protein 2),UniProt:Q9BRN9,MAGGVLPLRGLRALCRVLLFLSQFCILSGGEQSQALAQSIKDPGPTRTFTVVPRAAESTEIPPYVMKCPSNGLCSRLPADCIDCTTNFSCTYGKPVTFDCAVKPSVTCVDQDFKSQKNFIINMTCRFCWQLPETDYECTNSTSCMTVSCPRQRYPANCTVRDHVHCLGNRTFPKMLYCNWTGGYKWSTALALSITLGGFGADRFYLGQWREGLGKLFSFGGLGIWTLIDVLLIGVGYVGPADGSLYI,N/A,No,27118,N/A,UniProt:Q9BRN9,N/A,N/A,N/A,N/A,N/A,N/A,N/A,N/A
